workload,threads,keys,elements,capacity,zeroed,value type,operator,zipf,heavy hitter,memory,t1,t2,t3,t4,t5,t6,t7,t8,t9,initialization,stage 1,stage 2,materialization
FolkloreMap,48,1000,100000000,1000,true,I64,Sum,0,0,+2.5212344e7,0.013200343,0.013345593,0.013212032,0.013486461,0.013162424,0.013265983,0.013223853,0.013231603,0.013364722,+2.06e-5,+1.3202013e-2,+0e0,+8.05e-6
FolkloreUnfuzzyMap,48,1000,100000000,1000,true,I64,Sum,0,0,+2.52128e7,0.013291272,0.013259492,0.013259353,0.013358152,0.013257462,0.013239883,0.013263383,0.013360842,0.013320822,+2.08e-5,+1.3236103e-2,+0e0,+8.62e-6
FolkloreMap,48,10000000,100000000,10000000,true,I64,Sum,0,0,+3.45180344e8,0.103242113,0.10340439,0.103390332,0.103338601,0.10360249,0.10347555,0.103345662,0.104176365,0.10360141,+2.888e-5,+1.02122991e-1,+0e0,+1.246481e-3
FolkloreUnfuzzyMap,48,10000000,100000000,10000000,true,I64,Sum,0,0,+3.45180344e8,0.933696212,0.933459384,0.933403845,0.933330156,0.933135728,0.933817323,0.933424417,0.933715086,0.934019664,+2.945e-5,+9.32175393e-1,+0e0,+1.256231e-3
FolkloreMap,48,100000000,100000000,100000000,true,I64,Sum,0,0,+3.225180344e9,0.312703679,0.312993747,0.313171005,0.313018246,0.312770399,0.312763378,0.312730958,0.312422482,0.312844468,+3.407e-5,+3.01011135e-1,+0e0,+1.1797114e-2
FolkloreUnfuzzyMap,48,100000000,100000000,100000000,true,I64,Sum,0,0,+3.2251808e9,6.684649822,6.683628847,6.684371588,6.6843563150000005,6.6848374459999995,6.68388666,6.685518303,6.684778013,6.683790915,+3.856e-5,+6.672612354e0,+0e0,+1.1764644e-2
